Changes,Change Value,Close,Date
0.0011480595394411785,DoD,4298.85986328125,2023-06-09 00:00:00-04:00
0.0038506120775426683,WoW,4298.85986328125,2023-06-09 00:00:00-04:00
0.0389641731120559,MoM,4298.85986328125,2023-06-09 00:00:00-04:00
0.0061886426142415,DoD,4293.93017578125,2023-06-08 00:00:00-04:00
0.0172731131130945,WoW,4293.93017578125,2023-06-08 00:00:00-04:00
0.0424260851629789,MoM,4293.93017578125,2023-06-08 00:00:00-04:00
-0.0038120096998572,DoD,4267.52001953125,2023-06-07 00:00:00-04:00
0.0209793077152041,WoW,4267.52001953125,2023-06-07 00:00:00-04:00
0.0312702141743767,MoM,4267.52001953125,2023-06-07 00:00:00-04:00
0.0023538963079142,DoD,4283.85009765625,2023-06-06 00:00:00-04:00
0.0186255392344394,WoW,4283.85009765625,2023-06-06 00:00:00-04:00
0.0352164693971706,MoM,4283.85009765625,2023-06-06 00:00:00-04:00
-0.0020035816359177,DoD,4273.7900390625,2023-06-05 00:00:00-04:00
0.0162503039094775,WoW,4273.7900390625,2023-06-05 00:00:00-04:00
0.0327853996580478,MoM,4273.7900390625,2023-06-05 00:00:00-04:00
0.0145344247059655,DoD,4282.3701171875,2023-06-02 00:00:00-04:00
0.031578293638504,WoW,4282.3701171875,2023-06-02 00:00:00-04:00
0.046842294735073,MoM,4282.3701171875,2023-06-02 00:00:00-04:00
0.0098544535630326,DoD,4221.02001953125,2023-06-01 00:00:00-04:00
0.0257044009904114,WoW,4221.02001953125,2023-06-01 00:00:00-04:00
0.0246238547333736,MoM,4221.02001953125,2023-06-01 00:00:00-04:00
-0.0061086242098339,DoD,4179.830078125,2023-05-31 00:00:00-04:00
0.0082618112193097,WoW,4179.830078125,2023-05-31 00:00:00-04:00
0.0028695618148414,MoM,4179.830078125,2023-05-31 00:00:00-04:00
1.6603268498537402e-05,DoD,4205.52001953125,2023-05-30 00:00:00-04:00
0.0030744752289231,WoW,4205.52001953125,2023-05-30 00:00:00-04:00
0.0090333674719106,MoM,4205.52001953125,2023-05-30 00:00:00-04:00
0.0130490867779973,DoD,4205.4501953125,2023-05-26 00:00:00-04:00
0.0032133299554173,WoW,4205.4501953125,2023-05-26 00:00:00-04:00
0.0169514299879905,MoM,4205.4501953125,2023-05-26 00:00:00-04:00
0.0130490867779973,DoD,4205.4501953125,2023-05-26 00:00:00-04:00
0.0032133299554173,WoW,4205.4501953125,2023-05-26 00:00:00-04:00
0.0169514299879905,MoM,4205.4501953125,2023-05-26 00:00:00-04:00
0.0087575812659023,DoD,4151.27978515625,2023-05-25 00:00:00-04:00
-0.0111408920111016,WoW,4151.27978515625,2023-05-25 00:00:00-04:00
0.0234935971615572,MoM,4151.27978515625,2023-05-25 00:00:00-04:00
-0.0073186003353534,DoD,4115.240234375,2023-05-24 00:00:00-04:00
-0.0104669854192024,WoW,4115.240234375,2023-05-24 00:00:00-04:00
0.0107107848251609,MoM,4115.240234375,2023-05-24 00:00:00-04:00
-0.0112220267475501,DoD,4145.580078125,2023-05-23 00:00:00-04:00
0.0086815194114344,WoW,4145.580078125,2023-05-23 00:00:00-04:00
0.0020642872638078,MoM,4145.580078125,2023-05-23 00:00:00-04:00
0.0001550346964389,DoD,4192.6298828125,2023-05-22 00:00:00-04:00
0.0136233767015645,WoW,4192.6298828125,2023-05-22 00:00:00-04:00
0.0134371055694682,MoM,4192.6298828125,2023-05-22 00:00:00-04:00
-0.0014458676054706,DoD,4191.97998046875,2023-05-19 00:00:00-04:00
0.0164642541021222,WoW,4191.97998046875,2023-05-19 00:00:00-04:00
0.0150588627552522,MoM,4191.97998046875,2023-05-19 00:00:00-04:00
0.0094450486494267,DoD,4198.0498046875,2023-05-18 00:00:00-04:00
0.0163243497554822,WoW,4198.0498046875,2023-05-18 00:00:00-04:00
0.0104776929588995,MoM,4198.0498046875,2023-05-18 00:00:00-04:00
0.0118908290587882,DoD,4158.77001953125,2023-05-17 00:00:00-04:00
0.0051067473521891,WoW,4158.77001953125,2023-05-17 00:00:00-04:00
0.0009386339966722,MoM,4158.77001953125,2023-05-17 00:00:00-04:00
-0.006377683373153,DoD,4109.89990234375,2023-05-16 00:00:00-04:00
-0.0022504581522653,WoW,4109.89990234375,2023-05-16 00:00:00-04:00
-0.009977530912785,MoM,4109.89990234375,2023-05-16 00:00:00-04:00
0.0029581644391339,DoD,4136.27978515625,2023-05-15 00:00:00-04:00
-0.0004447265857765,WoW,4136.27978515625,2023-05-15 00:00:00-04:00
-0.0036229535905079,MoM,4136.27978515625,2023-05-15 00:00:00-04:00
-0.0015833068345566,DoD,4124.080078125,2023-05-12 00:00:00-04:00
-0.0029422597461468,WoW,4124.080078125,2023-05-12 00:00:00-04:00
-0.0053398361812734,MoM,4124.080078125,2023-05-12 00:00:00-04:00
-0.0016966239932158,DoD,4130.6201171875,2023-05-11 00:00:00-04:00
0.0170884972951513,WoW,4130.6201171875,2023-05-11 00:00:00-04:00
0.0094503027840187,MoM,4130.6201171875,2023-05-11 00:00:00-04:00
0.0044839652634049,DoD,4137.64013671875,2023-05-10 00:00:00-04:00
0.0114624791832182,WoW,4137.64013671875,2023-05-10 00:00:00-04:00
0.0069848174277956,MoM,4137.64013671875,2023-05-10 00:00:00-04:00
-0.0045794212772585,DoD,4119.169921875,2023-05-09 00:00:00-04:00
-9.956263556519576e-05,WoW,4119.169921875,2023-05-09 00:00:00-04:00
0.0024482330549606,MoM,4119.169921875,2023-05-09 00:00:00-04:00
0.000452128664249,DoD,4138.1201171875,2023-05-08 00:00:00-04:00
-0.0071379383626463,WoW,4138.1201171875,2023-05-08 00:00:00-04:00
0.0070599849776429,MoM,4138.1201171875,2023-05-08 00:00:00-04:00
0.0184747513895153,DoD,4136.25,2023-05-05 00:00:00-04:00
-0.007969814131357,WoW,4136.25,2023-05-05 00:00:00-04:00
0.0076077535115933,MoM,4136.25,2023-05-05 00:00:00-04:00
-0.0072187323343824,DoD,4061.219970703125,2023-05-04 00:00:00-04:00
-0.017925961575814,WoW,4061.219970703125,2023-05-04 00:00:00-04:00
-0.0071289007243319,MoM,4061.219970703125,2023-05-04 00:00:00-04:00
-0.0069983050646564,DoD,4090.75,2023-05-03 00:00:00-04:00
0.0085700432814964,WoW,4090.75,2023-05-03 00:00:00-04:00
-0.0024021112572962,MoM,4090.75,2023-05-03 00:00:00-04:00
-0.0115862629364003,DoD,4119.580078125,2023-05-02 00:00:00-04:00
0.0117766586582221,WoW,4119.580078125,2023-05-02 00:00:00-04:00
-0.0011952178028733,MoM,4119.580078125,2023-05-02 00:00:00-04:00
-0.0003861064902076,DoD,4167.8701171875,2023-05-01 00:00:00-04:00
0.0074522068517341,WoW,4167.8701171875,2023-05-01 00:00:00-04:00
0.0105128497752337,MoM,4167.8701171875,2023-05-01 00:00:00-04:00
0.0082532027534605,DoD,4169.47998046875,2023-04-28 00:00:00-04:00
0.0086995976232329,WoW,4169.47998046875,2023-04-28 00:00:00-04:00
0.0351729400875626,MoM,4169.47998046875,2023-04-28 00:00:00-04:00
0.019566149722497,DoD,4135.35009765625,2023-04-27 00:00:00-04:00
0.0013463296054179,WoW,4135.35009765625,2023-04-27 00:00:00-04:00
0.0413167770808914,MoM,4135.35009765625,2023-04-27 00:00:00-04:00
-0.0038411871973298,DoD,4055.989990234375,2023-04-26 00:00:00-04:00
-0.0237163448084652,WoW,4055.989990234375,2023-04-26 00:00:00-04:00
0.0197257997701075,MoM,4055.989990234375,2023-04-26 00:00:00-04:00
-0.0158108588827732,DoD,4071.6298828125,2023-04-25 00:00:00-04:00
-0.0200343770147372,WoW,4071.6298828125,2023-04-25 00:00:00-04:00
0.023657861241153,MoM,4071.6298828125,2023-04-25 00:00:00-04:00
0.0009031888869577,DoD,4133.52001953125,2023-04-21 00:00:00-04:00
-0.0009957649895496,WoW,4133.52001953125,2023-04-21 00:00:00-04:00
0.049924193044587,MoM,4133.52001953125,2023-04-21 00:00:00-04:00
-0.0059525481529729,DoD,4129.7900390625,2023-04-20 00:00:00-04:00
-0.0039626876841777,WoW,4129.7900390625,2023-04-20 00:00:00-04:00
0.0317072296025874,MoM,4129.7900390625,2023-04-20 00:00:00-04:00
-8.426199769801394e-05,DoD,4154.52001953125,2023-04-19 00:00:00-04:00
0.0152910150676344,WoW,4154.52001953125,2023-04-19 00:00:00-04:00
0.0513593198807015,MoM,4154.52001953125,2023-04-19 00:00:00-04:00
0.0008552202959737,DoD,4154.8701171875,2023-04-18 00:00:00-04:00
0.0111781083287215,WoW,4154.8701171875,2023-04-18 00:00:00-04:00
0.0514479169826619,MoM,4154.8701171875,2023-04-18 00:00:00-04:00
0.0033061569029655,DoD,4151.31982421875,2023-04-17 00:00:00-04:00
0.010272288242932,WoW,4151.31982421875,2023-04-17 00:00:00-04:00
0.0505494657576216,MoM,4151.31982421875,2023-04-17 00:00:00-04:00
-0.0020693734728036,DoD,4137.64013671875,2023-04-14 00:00:00-04:00
0.0079463966149487,WoW,4137.64013671875,2023-04-14 00:00:00-04:00
0.0631332550672481,MoM,4137.64013671875,2023-04-14 00:00:00-04:00
0.013262689993638,DoD,4146.22021484375,2023-04-13 00:00:00-04:00
0.0136516249421935,WoW,4146.22021484375,2023-04-13 00:00:00-04:00
0.0579008375291184,MoM,4146.22021484375,2023-04-13 00:00:00-04:00
-0.0041348840520069,DoD,4091.949951171875,2023-04-12 00:00:00-04:00
-0.0021094830703728,WoW,4091.949951171875,2023-04-12 00:00:00-04:00
0.0612563906488067,MoM,4091.949951171875,2023-04-12 00:00:00-04:00
-4.135247794623631e-05,DoD,4108.93994140625,2023-04-11 00:00:00-04:00
-0.003774951473873,WoW,4108.93994140625,2023-04-11 00:00:00-04:00
0.0656627826937845,MoM,4108.93994140625,2023-04-11 00:00:00-04:00
0.0009963029974375,DoD,4109.10986328125,2023-04-10 00:00:00-04:00
-4.8717499931973736e-05,WoW,4109.10986328125,2023-04-10 00:00:00-04:00
0.065706852312892,MoM,4109.10986328125,2023-04-10 00:00:00-04:00
0.0035791630944272,DoD,4105.02001953125,2023-04-06 00:00:00-04:00
0.0133774906281264,WoW,4105.02001953125,2023-04-06 00:00:00-04:00
0.0297638951867973,MoM,4105.02001953125,2023-04-06 00:00:00-04:00
0.0035791630944272,DoD,4105.02001953125,2023-04-06 00:00:00-04:00
0.0133774906281264,WoW,4105.02001953125,2023-04-06 00:00:00-04:00
0.0297638951867973,MoM,4105.02001953125,2023-04-06 00:00:00-04:00
-0.0024923705312282,DoD,4090.3798828125,2023-04-05 00:00:00-04:00
0.0155344525458073,WoW,4090.3798828125,2023-04-05 00:00:00-04:00
0.0103645278274558,MoM,4090.3798828125,2023-04-05 00:00:00-04:00
-0.0057969720833299,DoD,4100.60009765625,2023-04-04 00:00:00-04:00
0.032566427739473,WoW,4100.60009765625,2023-04-04 00:00:00-04:00
0.0128890225787356,MoM,4100.60009765625,2023-04-04 00:00:00-04:00
0.0036988464765424,DoD,4124.509765625,2023-04-03 00:00:00-04:00
0.0369525145619346,WoW,4124.509765625,2023-04-03 00:00:00-04:00
0.0187949484535585,MoM,4124.509765625,2023-04-03 00:00:00-04:00
0.0144365424717638,DoD,4109.31005859375,2023-03-31 00:00:00-04:00
0.0348326409030336,WoW,4109.31005859375,2023-03-31 00:00:00-04:00
0.0399657260631874,MoM,4109.31005859375,2023-03-31 00:00:00-04:00
0.005715269388668,DoD,4050.830078125,2023-03-30 00:00:00-04:00
0.0258590399368565,WoW,4050.830078125,2023-03-30 00:00:00-04:00
0.0203216950910647,MoM,4050.830078125,2023-03-30 00:00:00-04:00
0.0142372688798365,DoD,4027.81005859375,2023-03-29 00:00:00-04:00
0.0230736044639937,WoW,4027.81005859375,2023-03-29 00:00:00-04:00
0.014523420442125,MoM,4027.81005859375,2023-03-29 00:00:00-04:00
-0.0015738434957162,DoD,3971.27001953125,2023-03-28 00:00:00-04:00
-0.0078943599794971,WoW,3971.27001953125,2023-03-28 00:00:00-04:00
0.0002821347342171,MoM,3971.27001953125,2023-03-28 00:00:00-04:00
0.0016469543057483,DoD,3977.530029296875,2023-03-27 00:00:00-04:00
0.0065695307152374,WoW,3977.530029296875,2023-03-27 00:00:00-04:00
0.0018589038536726,MoM,3977.530029296875,2023-03-27 00:00:00-04:00
0.0056398072531044,DoD,3970.989990234375,2023-03-24 00:00:00-04:00
0.0138767155385516,WoW,3970.989990234375,2023-03-24 00:00:00-04:00
-0.0028250431986993,MoM,3970.989990234375,2023-03-24 00:00:00-04:00
0.0029845287333755,DoD,3948.719970703125,2023-03-23 00:00:00-04:00
-0.0029190003000374,WoW,3948.719970703125,2023-03-23 00:00:00-04:00
-0.0053702401360187,MoM,3948.719970703125,2023-03-23 00:00:00-04:00
-0.0164632237757136,DoD,3936.969970703125,2023-03-22 00:00:00-04:00
0.0115726747021659,WoW,3936.969970703125,2023-03-22 00:00:00-04:00
-0.0187796826704955,MoM,3936.969970703125,2023-03-22 00:00:00-04:00
0.012982193897785,DoD,4002.8701171875,2023-03-21 00:00:00-04:00
0.0213253107812843,WoW,4002.8701171875,2023-03-21 00:00:00-04:00
0.0029616437315401,MoM,4002.8701171875,2023-03-21 00:00:00-04:00
0.0089184037183099,DoD,3951.570068359375,2023-03-20 00:00:00-04:00
0.0248485534242505,WoW,3951.570068359375,2023-03-20 00:00:00-04:00
-0.0114501189603315,MoM,3951.570068359375,2023-03-20 00:00:00-04:00
-0.0110194573100675,DoD,3916.639892578125,2023-03-17 00:00:00-04:00
0.0142557349264304,WoW,3916.639892578125,2023-03-17 00:00:00-04:00
-0.0201884737195541,MoM,3916.639892578125,2023-03-17 00:00:00-04:00
0.0175620062171667,DoD,3960.280029296875,2023-03-16 00:00:00-04:00
0.0107086609070884,WoW,3960.280029296875,2023-03-16 00:00:00-04:00
-0.0291266081488258,MoM,3960.280029296875,2023-03-16 00:00:00-04:00
-0.0069808835654376,DoD,3891.929931640625,2023-03-15 00:00:00-04:00
-0.0250700969887787,WoW,3891.929931640625,2023-03-15 00:00:00-04:00
-0.0485232494379508,MoM,3891.929931640625,2023-03-15 00:00:00-04:00
0.0164766554806238,DoD,3919.2900390625,2023-03-14 00:00:00-04:00
-0.0168273582615371,WoW,3919.2900390625,2023-03-14 00:00:00-04:00
-0.0550463046624877,MoM,3919.2900390625,2023-03-14 00:00:00-04:00
-0.0015097610031894,DoD,3855.760009765625,2023-03-13 00:00:00-04:00
-0.0475889151390564,WoW,3855.760009765625,2023-03-13 00:00:00-04:00
-0.0677855582369256,MoM,3855.760009765625,2023-03-13 00:00:00-04:00
-0.0144781384570513,DoD,3861.590087890625,2023-03-10 00:00:00-05:00
-0.045493373007604,WoW,3861.590087890625,2023-03-10 00:00:00-05:00
-0.0666378108783371,MoM,3861.590087890625,2023-03-10 00:00:00-05:00
-0.0184593578738487,DoD,3918.320068359375,2023-03-09 00:00:00-05:00
-0.0158313204694004,WoW,3918.320068359375,2023-03-09 00:00:00-05:00
-0.0420832606166549,MoM,3918.320068359375,2023-03-09 00:00:00-05:00
0.0014147940136838,DoD,3992.010009765625,2023-03-08 00:00:00-05:00
0.0102799567473198,WoW,3992.010009765625,2023-03-08 00:00:00-05:00
-0.0219257601946282,MoM,3992.010009765625,2023-03-08 00:00:00-05:00
-0.0153269191153377,DoD,3986.3701171875,2023-03-07 00:00:00-05:00
0.0040855421691192,WoW,3986.3701171875,2023-03-07 00:00:00-05:00
-0.0319315737930368,MoM,3986.3701171875,2023-03-07 00:00:00-05:00
0.0006871667698291,DoD,4048.419921875,2023-03-06 00:00:00-05:00
0.0166187702908206,WoW,4048.419921875,2023-03-06 00:00:00-05:00
-0.0277569832192603,MoM,4048.419921875,2023-03-06 00:00:00-05:00
0.0161477371607488,DoD,4045.639892578125,2023-03-03 00:00:00-05:00
0.0190425922085857,WoW,4045.639892578125,2023-03-03 00:00:00-05:00
-0.0159180031289298,MoM,4045.639892578125,2023-03-03 00:00:00-05:00
0.0075821940867943,DoD,3981.35009765625,2023-03-02 00:00:00-05:00
-0.0077187188896893,WoW,3981.35009765625,2023-03-02 00:00:00-05:00
-0.0375028728641207,MoM,3981.35009765625,2023-03-02 00:00:00-05:00
-0.00472526484568,DoD,3951.389892578125,2023-03-01 00:00:00-05:00
-0.0099372735908549,WoW,3951.389892578125,2023-03-01 00:00:00-05:00
-0.0546370810411221,MoM,3951.389892578125,2023-03-01 00:00:00-05:00
-0.0030360018281855,DoD,3970.14990234375,2023-02-28 00:00:00-05:00
-0.0068020696135522,WoW,3970.14990234375,2023-02-28 00:00:00-05:00
-0.0361865649013494,MoM,3970.14990234375,2023-02-28 00:00:00-05:00
0.003073004567167,DoD,3982.239990234375,2023-02-27 00:00:00-05:00
-0.0237430641563332,WoW,3982.239990234375,2023-02-27 00:00:00-05:00
-0.0088432212705445,MoM,3982.239990234375,2023-02-27 00:00:00-05:00
-0.0105375514855581,DoD,3970.0400390625,2023-02-24 00:00:00-05:00
-0.0294273375121961,WoW,3970.0400390625,2023-02-24 00:00:00-05:00
-0.0114983571561047,MoM,3970.0400390625,2023-02-24 00:00:00-05:00
0.0053294294160744,DoD,4012.320068359375,2023-02-23 00:00:00-05:00
-0.0326164591840278,WoW,4012.320068359375,2023-02-23 00:00:00-05:00
-0.0011525866313443,MoM,4012.320068359375,2023-02-23 00:00:00-05:00
-0.0015735561458868,DoD,3991.050048828125,2023-02-22 00:00:00-05:00
-0.0350762278010774,WoW,3991.050048828125,2023-02-22 00:00:00-05:00
-0.0071545693319863,MoM,3991.050048828125,2023-02-22 00:00:00-05:00
-0.0200412342553273,DoD,3997.340087890625,2023-02-21 00:00:00-05:00
-0.0338264781657868,WoW,3997.340087890625,2023-02-21 00:00:00-05:00
-0.0055898090645073,MoM,3997.340087890625,2023-02-21 00:00:00-05:00
-0.0027674058253277,DoD,4079.090087890625,2023-02-17 00:00:00-05:00
-0.0027796074660193,WoW,4079.090087890625,2023-02-17 00:00:00-05:00
0.0382375488974411,MoM,4079.090087890625,2023-02-17 00:00:00-05:00
-0.0027674058253277,DoD,4079.090087890625,2023-02-17 00:00:00-05:00
-0.0027796074660193,WoW,4079.090087890625,2023-02-17 00:00:00-05:00
0.0382375488974411,MoM,4079.090087890625,2023-02-17 00:00:00-05:00
-0.0137887414891306,DoD,4090.409912109375,2023-02-16 00:00:00-05:00
0.0021829994142778,WoW,4090.409912109375,2023-02-16 00:00:00-05:00
0.0249162339321562,MoM,4090.409912109375,2023-02-16 00:00:00-05:00
0.002773175690496,DoD,4147.60009765625,2023-02-15 00:00:00-05:00
0.0072222550942522,WoW,4147.60009765625,2023-02-15 00:00:00-05:00
0.039246130164575,MoM,4147.60009765625,2023-02-15 00:00:00-05:00
-0.0002804145319874,DoD,4136.1298828125,2023-02-14 00:00:00-05:00
-0.0066931117164985,WoW,4136.1298828125,2023-02-14 00:00:00-05:00
0.0363720882830398,MoM,4136.1298828125,2023-02-14 00:00:00-05:00
0.0114486093427661,DoD,4137.2900390625,2023-02-13 00:00:00-05:00
0.0063754440291647,WoW,4137.2900390625,2023-02-13 00:00:00-05:00
0.0366627835923296,MoM,4137.2900390625,2023-02-13 00:00:00-05:00
0.0021952617756952,DoD,4090.4599609375,2023-02-10 00:00:00-05:00
-0.0111254060816305,WoW,4090.4599609375,2023-02-10 00:00:00-05:00
0.0304437590204829,MoM,4090.4599609375,2023-02-10 00:00:00-05:00
-0.0088297961777352,DoD,4081.5,2023-02-09 00:00:00-05:00
-0.0235084720497823,WoW,4081.5,2023-02-09 00:00:00-05:00
0.0413982267015372,MoM,4081.5,2023-02-09 00:00:00-05:00
-0.0110807244761647,DoD,4117.85986328125,2023-02-08 00:00:00-05:00
-0.0003277564554982,WoW,4117.85986328125,2023-02-08 00:00:00-05:00
0.0580073354656043,MoM,4117.85986328125,2023-02-08 00:00:00-05:00
0.0128725105980265,DoD,4164.0,2023-02-07 00:00:00-05:00
0.0214394103542308,WoW,4164.0,2023-02-07 00:00:00-05:00
0.0698621835489785,MoM,4164.0,2023-02-07 00:00:00-05:00
-0.0061404630177544,DoD,4111.080078125,2023-02-06 00:00:00-05:00
0.0232243404027979,WoW,4111.080078125,2023-02-06 00:00:00-05:00
0.0562653960440725,MoM,4111.080078125,2023-02-06 00:00:00-05:00
-0.0103546106913104,DoD,4136.47998046875,2023-02-03 00:00:00-05:00
0.0161943125580054,WoW,4136.47998046875,2023-02-03 00:00:00-05:00
0.0735822007234298,MoM,4136.47998046875,2023-02-03 00:00:00-05:00
0.01469937324431,DoD,4179.759765625,2023-02-02 00:00:00-05:00
0.0293884726478113,WoW,4179.759765625,2023-02-02 00:00:00-05:00
0.0929934267669079,MoM,4179.759765625,2023-02-02 00:00:00-05:00
0.0104523039445903,DoD,4119.2099609375,2023-02-01 00:00:00-05:00
0.025643513299981,WoW,4119.2099609375,2023-02-01 00:00:00-05:00
0.0771598520577256,MoM,4119.2099609375,2023-02-01 00:00:00-05:00
0.0146424702855101,DoD,4076.60009765625,2023-01-31 00:00:00-05:00
0.0148496115733214,WoW,4076.60009765625,2023-01-31 00:00:00-05:00
0.0660175130015768,MoM,4076.60009765625,2023-01-31 00:00:00-05:00
-0.0129687409846833,DoD,4017.77001953125,2023-01-30 00:00:00-05:00
-0.0005074963823573,WoW,4017.77001953125,2023-01-30 00:00:00-05:00
0.050633641130368,MoM,4017.77001953125,2023-01-30 00:00:00-05:00
0.002494840970949,DoD,4070.56005859375,2023-01-27 00:00:00-05:00
0.0246563212908507,WoW,4070.56005859375,2023-01-27 00:00:00-05:00
0.07595119768762,MoM,4070.56005859375,2023-01-27 00:00:00-05:00
0.0110078534691813,DoD,4060.429931640625,2023-01-26 00:00:00-05:00
0.0414429459807923,WoW,4060.429931640625,2023-01-26 00:00:00-05:00
0.0603721176837827,MoM,4060.429931640625,2023-01-26 00:00:00-05:00
-0.0001817250594663,DoD,4016.219970703125,2023-01-25 00:00:00-05:00
0.0222354222071235,WoW,4016.219970703125,2023-01-25 00:00:00-05:00
0.048826786107756,MoM,4016.219970703125,2023-01-25 00:00:00-05:00
-0.0007115031258157,DoD,4016.949951171875,2023-01-24 00:00:00-05:00
0.0065096907918284,WoW,4016.949951171875,2023-01-24 00:00:00-05:00
0.0490174188605797,MoM,4016.949951171875,2023-01-24 00:00:00-05:00
0.0118813449836653,DoD,4019.81005859375,2023-01-23 00:00:00-05:00
0.0051811712784029,WoW,4019.81005859375,2023-01-23 00:00:00-05:00
0.049764329462362,MoM,4019.81005859375,2023-01-23 00:00:00-05:00
0.0189184010459814,DoD,3972.610107421875,2023-01-20 00:00:00-05:00
-0.002651108202824,WoW,3972.610107421875,2023-01-20 00:00:00-05:00
0.0242804239432106,MoM,3972.610107421875,2023-01-20 00:00:00-05:00
-0.0076383502962943,DoD,3898.85009765625,2023-01-19 00:00:00-05:00
-0.0178254306722282,WoW,3898.85009765625,2023-01-19 00:00:00-05:00
0.0202087015717268,MoM,3898.85009765625,2023-01-19 00:00:00-05:00
-0.015562598500411,DoD,3928.860107421875,2023-01-18 00:00:00-05:00
0.0024520271536327,WoW,3928.860107421875,2023-01-18 00:00:00-05:00
0.0291278421526705,MoM,3928.860107421875,2023-01-18 00:00:00-05:00
-0.0020304911890052,DoD,3990.969970703125,2023-01-17 00:00:00-05:00
0.0254053427797426,WoW,3990.969970703125,2023-01-17 00:00:00-05:00
0.0453969349244602,MoM,3990.969970703125,2023-01-17 00:00:00-05:00
0.0039968583635344,DoD,3999.090087890625,2023-01-13 00:00:00-05:00
0.0267029194983054,WoW,3999.090087890625,2023-01-13 00:00:00-05:00
0.0009436088890866,MoM,3999.090087890625,2023-01-13 00:00:00-05:00
0.0039968583635344,DoD,3999.090087890625,2023-01-13 00:00:00-05:00
0.0267029194983054,WoW,3999.090087890625,2023-01-13 00:00:00-05:00
0.0009436088890866,MoM,3999.090087890625,2023-01-13 00:00:00-05:00
0.0034159058663652,DoD,3983.169921875,2023-01-12 00:00:00-05:00
0.0459730100914362,WoW,3983.169921875,2023-01-12 00:00:00-05:00
-0.0090754123754607,MoM,3983.169921875,2023-01-12 00:00:00-05:00
0.0128494246148816,DoD,3969.610107421875,2023-01-11 00:00:00-05:00
0.0302727863455069,WoW,3969.610107421875,2023-01-11 00:00:00-05:00
-0.0052498774267934,MoM,3969.610107421875,2023-01-11 00:00:00-05:00
0.006978233159062,DoD,3919.25,2023-01-10 00:00:00-05:00
0.0248709801664066,WoW,3919.25,2023-01-10 00:00:00-05:00
-0.0178696868476349,MoM,3919.25,2023-01-10 00:00:00-05:00
-0.0007676325452631,DoD,3892.090087890625,2023-01-09 00:00:00-05:00
0.0136971188672027,WoW,3892.090087890625,2023-01-09 00:00:00-05:00
-0.0246757270301114,MoM,3892.090087890625,2023-01-09 00:00:00-05:00
0.0228407810294385,DoD,3895.080078125,2023-01-06 00:00:00-05:00
0.0118983416326016,WoW,3895.080078125,2023-01-06 00:00:00-05:00
-0.0098730641500928,MoM,3895.080078125,2023-01-06 00:00:00-05:00
-0.011645528874622,DoD,3808.10009765625,2023-01-05 00:00:00-05:00
0.0065764420641131,WoW,3808.10009765625,2023-01-05 00:00:00-05:00
-0.0337861272231297,MoM,3808.10009765625,2023-01-05 00:00:00-05:00
0.0075389705750444,DoD,3852.969970703125,2023-01-04 00:00:00-05:00
0.0061944168448455,WoW,3852.969970703125,2023-01-04 00:00:00-05:00
-0.0364781071464265,MoM,3852.969970703125,2023-01-04 00:00:00-05:00
-0.0040005488792486,DoD,3824.139892578125,2023-01-03 00:00:00-05:00
-0.0053787109444823,WoW,3824.139892578125,2023-01-03 00:00:00-05:00
-0.0436877173062086,MoM,3824.139892578125,2023-01-03 00:00:00-05:00
-0.0025407424823445,DoD,3839.5,2022-12-30 00:00:00-05:00
0.0044762852306347,WoW,3839.5,2022-12-30 00:00:00-05:00
-0.0589714740747305,MoM,3839.5,2022-12-30 00:00:00-05:00
-0.0025407424823445,DoD,3839.5,2022-12-30 00:00:00-05:00
0.0044762852306347,WoW,3839.5,2022-12-30 00:00:00-05:00
-0.0589714740747305,MoM,3839.5,2022-12-30 00:00:00-05:00
0.017461331644819,DoD,3849.280029296875,2022-12-29 00:00:00-05:00
-0.0075184642665375,WoW,3849.280029296875,2022-12-29 00:00:00-05:00
-0.0565744727587403,MoM,3849.280029296875,2022-12-29 00:00:00-05:00
-0.0120206383226153,DoD,3783.219970703125,2022-12-28 00:00:00-05:00
-0.0100481328093477,WoW,3783.219970703125,2022-12-28 00:00:00-05:00
-0.0440692832007398,MoM,3783.219970703125,2022-12-28 00:00:00-05:00
-0.0040496221104096,DoD,3829.25,2022-12-27 00:00:00-05:00
0.0030359141876053,WoW,3829.25,2022-12-27 00:00:00-05:00
-0.0339788047743395,MoM,3829.25,2022-12-27 00:00:00-05:00
0.0058681025252819,DoD,3844.820068359375,2022-12-23 00:00:00-05:00
-0.001957251879951,WoW,3844.820068359375,2022-12-23 00:00:00-05:00
-0.0450309587272757,MoM,3844.820068359375,2022-12-23 00:00:00-05:00
0.0058681025252819,DoD,3844.820068359375,2022-12-23 00:00:00-05:00
-0.001957251879951,WoW,3844.820068359375,2022-12-23 00:00:00-05:00
-0.0450309587272757,MoM,3844.820068359375,2022-12-23 00:00:00-05:00
-0.0144516995686163,DoD,3822.389892578125,2022-12-22 00:00:00-05:00
-0.0188308047030417,WoW,3822.389892578125,2022-12-22 00:00:00-05:00
-0.0508708443683085,MoM,3822.389892578125,2022-12-22 00:00:00-05:00
0.0148679938027346,DoD,3878.43994140625,2022-12-21 00:00:00-05:00
-0.0292542587210341,WoW,3878.43994140625,2022-12-21 00:00:00-05:00
-0.0312570585018389,MoM,3878.43994140625,2022-12-21 00:00:00-05:00
0.0010373383615348,DoD,3821.6201171875,2022-12-20 00:00:00-05:00
-0.049265431061741,WoW,3821.6201171875,2022-12-20 00:00:00-05:00
-0.0324865253958939,MoM,3821.6201171875,2022-12-20 00:00:00-05:00
-0.0090075160018523,DoD,3817.659912109375,2022-12-19 00:00:00-05:00
-0.04332728838701,WoW,3817.659912109375,2022-12-19 00:00:00-05:00
-0.0334891242041976,MoM,3817.659912109375,2022-12-19 00:00:00-05:00
-0.0111377507740807,DoD,3852.360107421875,2022-12-16 00:00:00-05:00
-0.0208469384842403,WoW,3852.360107421875,2022-12-16 00:00:00-05:00
-0.023868875621632,MoM,3852.360107421875,2022-12-16 00:00:00-05:00
-0.0249216750237139,DoD,3895.75,2022-12-15 00:00:00-05:00
-0.0170959602974818,WoW,3895.75,2022-12-15 00:00:00-05:00
-0.015924067313615,MoM,3895.75,2022-12-15 00:00:00-05:00
-0.0011946604880656,DoD,4071.699951171875,2022-12-02 00:00:00
0.0113210318265952,WoW,4071.699951171875,2022-12-02 00:00:00
0.0945753957114904,MoM,4071.699951171875,2022-12-02 00:00:00
-0.0008676332180498,DoD,4076.570068359375,2022-12-01 00:00:00
0.0122440712728204,WoW,4076.570068359375,2022-12-01 00:00:00
0.0842835797343972,MoM,4076.570068359375,2022-12-01 00:00:00
0.030947872397389,DoD,4080.110107421875,2022-11-30 00:00:00
0.0191153986690623,WoW,4080.110107421875,2022-11-30 00:00:00
0.0580923741844199,MoM,4080.110107421875,2022-11-30 00:00:00
-0.0015918653377758,DoD,3957.6298828125,2022-11-29 00:00:00
0.0019468502104647,WoW,3957.6298828125,2022-11-29 00:00:00
0.022120440388584,MoM,3957.6298828125,2022-11-29 00:00:00
-0.0154441929131232,DoD,3963.93994140625,2022-11-28 00:00:00
-0.0003530961918375,WoW,3963.93994140625,2022-11-28 00:00:00
0.0237501127075474,MoM,3963.93994140625,2022-11-28 00:00:00
-0.0002830441976333,DoD,4026.1201171875,2022-11-25 00:00:00
0.0201593431779926,WoW,4026.1201171875,2022-11-25 00:00:00
0.0510416160775641,MoM,4026.1201171875,2022-11-25 00:00:00
0.0059146891478476,DoD,4027.260009765625,2022-11-23 00:00:00
0.0172956812630911,WoW,4027.260009765625,2022-11-23 00:00:00
0.0605476245354462,MoM,4027.260009765625,2022-11-23 00:00:00
0.0059146891478476,DoD,4027.260009765625,2022-11-23 00:00:00
0.0172956812630911,WoW,4027.260009765625,2022-11-23 00:00:00
0.0605476245354462,MoM,4027.260009765625,2022-11-23 00:00:00
0.013579987927526,DoD,4003.580078125,2022-11-22 00:00:00
0.0029686621375272,WoW,4003.580078125,2022-11-22 00:00:00
0.054311698573445,MoM,4003.580078125,2022-11-22 00:00:00
-0.0038836886983298,DoD,3949.93994140625,2022-11-21 00:00:00
-0.0018472572098679,WoW,3949.93994140625,2022-11-21 00:00:00
0.0401859854486702,MoM,3949.93994140625,2022-11-21 00:00:00
0.0047585819088147,DoD,3965.340087890625,2022-11-18 00:00:00
-0.0069096739042109,WoW,3965.340087890625,2022-11-18 00:00:00
0.0731173162211045,MoM,3965.340087890625,2022-11-18 00:00:00
-0.0030893228355313,DoD,3946.56005859375,2022-11-17 00:00:00
-0.002479560380646,WoW,3946.56005859375,2022-11-17 00:00:00
0.0609089509391523,MoM,3946.56005859375,2022-11-17 00:00:00
-0.0082520464979902,DoD,3958.7900390625,2022-11-16 00:00:00
0.0560800430216131,WoW,3958.7900390625,2022-11-16 00:00:00
0.0763577785502881,MoM,3958.7900390625,2022-11-16 00:00:00
0.008713116550319,DoD,3991.72998046875,2022-11-15 00:00:00
0.0427416841353783,WoW,3991.72998046875,2022-11-15 00:00:00
0.085313838813086,MoM,3991.72998046875,2022-11-15 00:00:00
-0.008935777048801,DoD,3957.25,2022-11-14 00:00:00
0.0395213694552171,WoW,3957.25,2022-11-14 00:00:00
0.0759390564135148,MoM,3957.25,2022-11-14 00:00:00
0.0092407467881479,DoD,3992.929931640625,2022-11-11 00:00:00
0.0589781013201548,WoW,3992.929931640625,2022-11-11 00:00:00
0.1162696144391894,MoM,3992.929931640625,2022-11-11 00:00:00
0.0554344843603449,DoD,3956.3701171875,2022-11-10 00:00:00
0.0635718345000472,WoW,3956.3701171875,2022-11-10 00:00:00
0.1024091406404497,MoM,3956.3701171875,2022-11-10 00:00:00
-0.0207778869547898,DoD,3748.570068359375,2022-11-09 00:00:00
-0.0029576569398474,WoW,3748.570068359375,2022-11-09 00:00:00
0.0376980834934347,MoM,3748.570068359375,2022-11-09 00:00:00
0.0055978928024628,DoD,3828.110107421875,2022-11-08 00:00:00
-0.0072586264685886,WoW,3828.110107421875,2022-11-08 00:00:00
0.0597167585057638,MoM,3828.110107421875,2022-11-08 00:00:00
0.0096139819205599,DoD,3806.800048828125,2022-11-07 00:00:00
-0.0168337470672392,WoW,3806.800048828125,2022-11-07 00:00:00
0.0538176005445667,MoM,3806.800048828125,2022-11-07 00:00:00
0.0136187246700706,DoD,3770.550048828125,2022-11-04 00:00:00
-0.0334550116648732,WoW,3770.550048828125,2022-11-04 00:00:00
-0.0033647999540535,MoM,3770.550048828125,2022-11-04 00:00:00
-0.0105859923154297,DoD,3719.889892578125,2022-11-03 00:00:00
-0.0229585677853009,WoW,3719.889892578125,2022-11-03 00:00:00
-0.0187394756282808,MoM,3719.889892578125,2022-11-03 00:00:00
-0.0250019848573428,DoD,3759.68994140625,2022-11-02 00:00:00
-0.0185115006636652,WoW,3759.68994140625,2022-11-02 00:00:00
0.0220909494745716,MoM,3759.68994140625,2022-11-02 00:00:00
-0.0041012306087846,DoD,3856.10009765625,2022-11-01 00:00:00
-0.0007799750931791,WoW,3856.10009765625,2022-11-01 00:00:00
0.0483005437965164,MoM,3856.10009765625,2022-11-01 00:00:00
-0.0074544041076575,DoD,3871.97998046875,2022-10-31 00:00:00
0.0196558356245585,WoW,3871.97998046875,2022-10-31 00:00:00
0.0526175711988618,MoM,3871.97998046875,2022-10-31 00:00:00
0.0246263778959275,DoD,3901.06005859375,2022-10-28 00:00:00
0.0395203673556058,WoW,3901.06005859375,2022-10-28 00:00:00
0.0715814414039224,MoM,3901.06005859375,2022-10-28 00:00:00
-0.0060826106182112,DoD,3807.300048828125,2022-10-27 00:00:00
0.0386057042158076,WoW,3807.300048828125,2022-10-27 00:00:00
0.023731933197437,MoM,3807.300048828125,2022-10-27 00:00:00
-0.0073877160723645,DoD,3830.60009765625,2022-10-26 00:00:00
0.0366534030375857,WoW,3830.60009765625,2022-10-26 00:00:00
0.0502592490946697,MoM,3830.60009765625,2022-10-26 00:00:00
0.0162666545796698,DoD,3859.110107421875,2022-10-25 00:00:00
0.0374007730373843,WoW,3859.110107421875,2022-10-25 00:00:00
0.0558325124152998,MoM,3859.110107421875,2022-10-25 00:00:00
0.0118819766546199,DoD,3797.340087890625,2022-10-24 00:00:00
0.0324610552899747,WoW,3797.340087890625,2022-10-24 00:00:00
0.0389325554049537,MoM,3797.340087890625,2022-10-24 00:00:00
0.0237248198222648,DoD,3752.75,2022-10-21 00:00:00
0.0473560182757794,WoW,3752.75,2022-10-21 00:00:00
-0.0013943598168147,MoM,3752.75,2022-10-21 00:00:00
-0.0079509097065649,DoD,3665.780029296875,2022-10-20 00:00:00
-0.0011253362920089,WoW,3665.780029296875,2022-10-20 00:00:00
-0.0327578357866913,MoM,3665.780029296875,2022-10-20 00:00:00
-0.0066720972934503,DoD,3695.159912109375,2022-10-19 00:00:00
0.0330245711791579,WoW,3695.159912109375,2022-10-19 00:00:00
-0.0416942274318883,MoM,3695.159912109375,2022-10-19 00:00:00
0.0114275696664886,DoD,3719.97998046875,2022-10-18 00:00:00
0.0365410242213393,WoW,3719.97998046875,2022-10-18 00:00:00
-0.0461320491257359,MoM,3719.97998046875,2022-10-18 00:00:00
0.026480052302171,DoD,3677.949951171875,2022-10-17 00:00:00
0.0181486662689559,WoW,3677.949951171875,2022-10-17 00:00:00
-0.056909283984818,MoM,3677.949951171875,2022-10-17 00:00:00
-0.0236626636156544,DoD,3583.070068359375,2022-10-14 00:00:00
-0.0155481130425735,WoW,3583.070068359375,2022-10-14 00:00:00
-0.081582021948782,MoM,3583.070068359375,2022-10-14 00:00:00
0.0259656424608649,DoD,3669.909912109375,2022-10-13 00:00:00
-0.0199251458218174,WoW,3669.909912109375,2022-10-13 00:00:00
-0.0699694367153034,MoM,3669.909912109375,2022-10-13 00:00:00
-0.0032907731480149,DoD,3577.030029296875,2022-10-12 00:00:00
-0.0545161865901667,WoW,3577.030029296875,2022-10-12 00:00:00
-0.0904368046829031,MoM,3577.030029296875,2022-10-12 00:00:00
-0.0065191757777543,DoD,3588.840087890625,2022-10-11 00:00:00
-0.05330877842486,WoW,3588.840087890625,2022-10-11 00:00:00
-0.1268900300779746,MoM,3588.840087890625,2022-10-11 00:00:00
-0.0074924636339018,DoD,3612.389892578125,2022-10-10 00:00:00
-0.0179533225560301,WoW,3612.389892578125,2022-10-10 00:00:00
-0.1211607223465571,MoM,3612.389892578125,2022-10-10 00:00:00
-0.0280036177867735,DoD,3639.659912109375,2022-10-07 00:00:00
0.0150712549449501,WoW,3639.659912109375,2022-10-07 00:00:00
-0.0914886564720899,MoM,3639.659912109375,2022-10-07 00:00:00
-0.0102450808466399,DoD,3744.52001953125,2022-10-06 00:00:00
0.0285814880126668,WoW,3744.52001953125,2022-10-06 00:00:00
-0.0591351201738632,MoM,3744.52001953125,2022-10-06 00:00:00
-0.0020179487570848,DoD,3783.280029296875,2022-10-05 00:00:00
0.0172732720163369,WoW,3783.280029296875,2022-10-05 00:00:00
-0.0319610648361757,MoM,3783.280029296875,2022-10-05 00:00:00
0.0305837006795515,DoD,3790.929931640625,2022-10-04 00:00:00
0.0393826350632225,WoW,3790.929931640625,2022-10-04 00:00:00
-0.0300036619313933,MoM,3790.929931640625,2022-10-04 00:00:00
0.0258838949525761,DoD,3678.429931640625,2022-10-03 00:00:00
0.0063993533116327,WoW,3678.429931640625,2022-10-03 00:00:00
-0.0587893662309955,MoM,3678.429931640625,2022-10-03 00:00:00
-0.0150666957719833,DoD,3585.6201171875,2022-09-30 00:00:00
-0.0291370599313698,WoW,3585.6201171875,2022-09-30 00:00:00
-0.0961039542920953,MoM,3585.6201171875,2022-09-30 00:00:00
-0.0211264378802388,DoD,3640.469970703125,2022-09-29 00:00:00
-0.0312720416596747,WoW,3640.469970703125,2022-09-29 00:00:00
-0.0867225472706436,MoM,3640.469970703125,2022-09-29 00:00:00
0.0196721399262348,DoD,3719.0400390625,2022-09-28 00:00:00
-0.0187048029532929,WoW,3719.0400390625,2022-09-28 00:00:00
-0.0773009693459699,MoM,3719.0400390625,2022-09-28 00:00:00
-0.0021203598092424,DoD,3647.2900390625,2022-09-27 00:00:00
-0.0541088391845732,WoW,3647.2900390625,2022-09-27 00:00:00
-0.0951022446089583,MoM,3647.2900390625,2022-09-27 00:00:00
-0.010340526208282,DoD,3655.0400390625,2022-09-26 00:00:00
-0.0627837862760172,WoW,3655.0400390625,2022-09-26 00:00:00
-0.0931794587791582,MoM,3655.0400390625,2022-09-26 00:00:00
-0.017232619015461,DoD,3693.22998046875,2022-09-23 00:00:00
-0.0464974825340557,WoW,3693.22998046875,2022-09-23 00:00:00
-0.1080813561128814,MoM,3693.22998046875,2022-09-23 00:00:00
-0.0084275809796893,DoD,3757.989990234375,2022-09-22 00:00:00
-0.0367462811163753,WoW,3757.989990234375,2022-09-22 00:00:00
-0.0897951650963339,MoM,3757.989990234375,2022-09-22 00:00:00
-0.0171164936007844,DoD,3789.929931640625,2022-09-21 00:00:00
-0.039553898175304,WoW,3789.929931640625,2022-09-21 00:00:00
-0.084113369781054,MoM,3789.929931640625,2022-09-21 00:00:00
-0.0112721030973618,DoD,3855.929931640625,2022-09-20 00:00:00
-0.0195184494351917,WoW,3855.929931640625,2022-09-20 00:00:00
-0.0681635979687074,MoM,3855.929931640625,2022-09-20 00:00:00
0.0068571007162865,DoD,3899.889892578125,2022-09-19 00:00:00
-0.0512163642238409,WoW,3899.889892578125,2022-09-19 00:00:00
-0.0575400927288165,MoM,3899.889892578125,2022-09-19 00:00:00
-0.0071821340894484,DoD,3873.330078125,2022-09-16 00:00:00
-0.0477041678563992,WoW,3873.330078125,2022-09-16 00:00:00
-0.0937543769537064,MoM,3873.330078125,2022-09-16 00:00:00
-0.0113177391843533,DoD,3901.35009765625,2022-09-15 00:00:00
-0.0261670308805737,WoW,3901.35009765625,2022-09-15 00:00:00
-0.0938051842736516,MoM,3901.35009765625,2022-09-15 00:00:00
0.0033870120853239,DoD,3946.010009765625,2022-09-14 00:00:00
-0.0085078423227045,WoW,3946.010009765625,2022-09-14 00:00:00
-0.081712514784599,MoM,3946.010009765625,2022-09-14 00:00:00
-0.0432366134006167,DoD,3932.68994140625,2022-09-13 00:00:00
0.0062688867141355,WoW,3932.68994140625,2022-09-13 00:00:00
-0.0848122666976344,MoM,3932.68994140625,2022-09-13 00:00:00
0.0105842727693497,DoD,4110.41015625,2022-09-12 00:00:00
0.0474357320924544,WoW,4110.41015625,2022-09-12 00:00:00
-0.0434544777521114,MoM,4110.41015625,2022-09-12 00:00:00
0.0152714498163329,DoD,4067.360107421875,2022-09-09 00:00:00
0.0253374862400295,WoW,4067.360107421875,2022-09-09 00:00:00
-0.0339363359331763,MoM,4067.360107421875,2022-09-09 00:00:00
0.006610721877456,DoD,4006.179931640625,2022-09-08 00:00:00
0.0129405642580594,WoW,4006.179931640625,2022-09-08 00:00:00
-0.0282088837863277,MoM,4006.179931640625,2022-09-08 00:00:00
0.0183410163927339,DoD,3979.8701171875,2022-09-07 00:00:00
-0.0015779083279543,WoW,3979.8701171875,2022-09-07 00:00:00
-0.0386926612510692,MoM,3979.8701171875,2022-09-07 00:00:00
-0.0040950569838349,DoD,3908.18994140625,2022-09-06 00:00:00
-0.0303726142576289,WoW,3908.18994140625,2022-09-06 00:00:00
-0.056006462202449,MoM,3908.18994140625,2022-09-06 00:00:00
-0.010736500458081,DoD,3924.260009765625,2022-09-02 00:00:00
-0.0328760677911032,WoW,3924.260009765625,2022-09-02 00:00:00
-0.0555717134198877,MoM,3924.260009765625,2022-09-02 00:00:00
0.0029962320243362,DoD,3966.85009765625,2022-09-01 00:00:00
-0.0553139736537997,WoW,3966.85009765625,2022-09-01 00:00:00
-0.0303920975390502,MoM,3966.85009765625,2022-09-01 00:00:00
-0.0078170251059712,DoD,3955.0,2022-08-31 00:00:00
-0.0448636409786119,WoW,3955.0,2022-08-31 00:00:00
-0.0397292030282559,MoM,3955.0,2022-08-31 00:00:00
-0.0110281555714482,DoD,3986.159912109375,2022-08-30 00:00:00
-0.0345312163870761,WoW,3986.159912109375,2022-08-30 00:00:00
-0.0321636016035179,MoM,3986.159912109375,2022-08-30 00:00:00
-0.0066663557995027,DoD,4030.610107421875,2022-08-29 00:00:00
-0.025949826092169,WoW,4030.610107421875,2022-08-29 00:00:00
-0.0213711301804372,MoM,4030.610107421875,2022-08-29 00:00:00
-0.0336880587195187,DoD,4057.659912109375,2022-08-26 00:00:00
-0.0403975114339878,WoW,4057.659912109375,2022-08-26 00:00:00
0.0084625010322676,MoM,4057.659912109375,2022-08-26 00:00:00
0.0140916055180614,DoD,4199.1201171875,2022-08-25 00:00:00
-0.0197537928440346,WoW,4199.1201171875,2022-08-25 00:00:00
0.0709172453543359,MoM,4199.1201171875,2022-08-25 00:00:00
0.0029161604463009,DoD,4140.77001953125,2022-08-24 00:00:00
-0.0311812754006119,WoW,4140.77001953125,2022-08-24 00:00:00
0.0438459649965654,MoM,4140.77001953125,2022-08-24 00:00:00
-0.0022378626777133,DoD,4128.72998046875,2022-08-23 00:00:00
-0.0409900136667025,WoW,4128.72998046875,2022-08-23 00:00:00
0.0408107937278132,MoM,4128.72998046875,2022-08-23 00:00:00
-0.0214000649197158,DoD,4137.990234375,2022-08-22 00:00:00
-0.0370362374230771,WoW,4137.990234375,2022-08-22 00:00:00
0.0431452094594981,MoM,4137.990234375,2022-08-22 00:00:00
-0.0129000011398479,DoD,4228.47998046875,2022-08-19 00:00:00
-0.0120719888447613,WoW,4228.47998046875,2022-08-19 00:00:00
0.0678249664760554,MoM,4228.47998046875,2022-08-19 00:00:00
0.0022695611701914,DoD,4283.740234375,2022-08-18 00:00:00
0.0181757325982775,WoW,4283.740234375,2022-08-18 00:00:00
0.0881578935944287,MoM,4283.740234375,2022-08-18 00:00:00
-0.0072377949540946,DoD,4274.0400390625,2022-08-17 00:00:00
0.0151534832066348,WoW,4274.0400390625,2022-08-17 00:00:00
0.115689711189012,MoM,4274.0400390625,2022-08-17 00:00:00
0.0018756797165811,DoD,4305.2001953125,2022-08-16 00:00:00
0.0443253609961317,WoW,4305.2001953125,2022-08-16 00:00:00
0.1238237168158738,MoM,4305.2001953125,2022-08-16 00:00:00
0.0039695418998517,DoD,4297.14013671875,2022-08-15 00:00:00
0.0379414974425166,WoW,4297.14013671875,2022-08-15 00:00:00
0.1217197298708661,MoM,4297.14013671875,2022-08-15 00:00:00
0.0173223687745669,DoD,4280.14990234375,2022-08-12 00:00:00
0.0325582091159169,WoW,4280.14990234375,2022-08-12 00:00:00
0.1258278673043973,MoM,4280.14990234375,2022-08-12 00:00:00
0.0212906376412901,DoD,4210.240234375,2022-08-10 00:00:00
0.0132534441516051,WoW,4210.240234375,2022-08-10 00:00:00
0.0923120432968736,MoM,4210.240234375,2022-08-10 00:00:00
-0.004248692893594,DoD,4122.47021484375,2022-08-09 00:00:00
0.0076457641628704,WoW,4122.47021484375,2022-08-09 00:00:00
0.0695408368959595,MoM,4122.47021484375,2022-08-09 00:00:00
-0.001237550723854,DoD,4140.06005859375,2022-08-08 00:00:00
0.0052032293240721,WoW,4140.06005859375,2022-08-08 00:00:00
0.0741043765274901,MoM,4140.06005859375,2022-08-08 00:00:00
-0.0016257460597355,DoD,4145.18994140625,2022-08-05 00:00:00
0.0036074711952025,WoW,4145.18994140625,2022-08-05 00:00:00
0.078050354526711,MoM,4145.18994140625,2022-08-05 00:00:00
-0.0007773401640557,DoD,4151.93994140625,2022-08-04 00:00:00
0.0195239724440374,WoW,4151.93994140625,2022-08-04 00:00:00
0.0836641683084955,MoM,4151.93994140625,2022-08-04 00:00:00
0.01563847716314,DoD,4155.169921875,2022-08-03 00:00:00
0.0326969589350748,WoW,4155.169921875,2022-08-03 00:00:00
0.084507199312729,MoM,4155.169921875,2022-08-03 00:00:00
-0.0066623955507048,DoD,4091.18994140625,2022-08-02 00:00:00
0.0433914105811973,WoW,4091.18994140625,2022-08-02 00:00:00
0.0678083035431579,MoM,4091.18994140625,2022-08-02 00:00:00
-0.0028230841271976,DoD,4118.6298828125,2022-08-01 00:00:00
0.0382646619371514,WoW,4118.6298828125,2022-08-01 00:00:00
0.0749701800881174,MoM,4118.6298828125,2022-08-01 00:00:00
0.0142077600825818,DoD,4130.2900390625,2022-07-29 00:00:00
0.0425734258976919,WoW,4130.2900390625,2022-07-29 00:00:00
0.0911163917302099,MoM,4130.2900390625,2022-07-29 00:00:00
0.0121333386971808,DoD,4072.429931640625,2022-07-28 00:00:00
0.0183748187314064,WoW,4072.429931640625,2022-07-28 00:00:00
0.0664077343918217,MoM,4072.429931640625,2022-07-28 00:00:00
0.0261562737829377,DoD,4023.610107421875,2022-07-27 00:00:00
0.0160888423064473,WoW,4023.610107421875,2022-07-27 00:00:00
0.0528738485724428,MoM,4023.610107421875,2022-07-27 00:00:00
-0.0115432026620586,DoD,3921.050048828125,2022-07-26 00:00:00
-0.0039728535421659,WoW,3921.050048828125,2022-07-26 00:00:00
0.0053690641621633,MoM,3921.050048828125,2022-07-26 00:00:00
0.0013151670479691,DoD,3966.840087890625,2022-07-25 00:00:00
0.0354986456707285,WoW,3966.840087890625,2022-07-25 00:00:00
0.0171097683477611,MoM,3966.840087890625,2022-07-25 00:00:00
-0.0093324669763467,DoD,3961.6298828125,2022-07-22 00:00:00
0.0254894886423063,WoW,3961.6298828125,2022-07-22 00:00:00
0.0437069821081589,MoM,3961.6298828125,2022-07-22 00:00:00
0.0098613727091971,DoD,3998.949951171875,2022-07-21 00:00:00
0.0550261648720586,WoW,3998.949951171875,2022-07-21 00:00:00
0.0635816647358863,MoM,3998.949951171875,2022-07-21 00:00:00
0.0058958061932632,DoD,3959.89990234375,2022-07-20 00:00:00
0.0415910104815082,WoW,3959.89990234375,2022-07-20 00:00:00
0.0518248989337625,MoM,3959.89990234375,2022-07-20 00:00:00
0.0276282916459596,DoD,3936.68994140625,2022-07-19 00:00:00
0.0308709257019889,WoW,3936.68994140625,2022-07-19 00:00:00
0.0456598908731059,MoM,3936.68994140625,2022-07-19 00:00:00
-0.0083635715808313,DoD,3830.85009765625,2022-07-18 00:00:00
-0.0061175931078187,WoW,3830.85009765625,2022-07-18 00:00:00
0.0175468108203452,MoM,3830.85009765625,2022-07-18 00:00:00
0.0192012493594366,DoD,3863.159912109375,2022-07-15 00:00:00
-0.0092886489112727,WoW,3863.159912109375,2022-07-15 00:00:00
0.0535593701083088,MoM,3863.159912109375,2022-07-15 00:00:00
-0.0029986339021522,DoD,3790.3798828125,2022-07-14 00:00:00
-0.0287602254394896,WoW,3790.3798828125,2022-07-14 00:00:00
0.0001028743028687,MoM,3790.3798828125,2022-07-14 00:00:00
-0.00445690251221,DoD,3801.780029296875,2022-07-13 00:00:00
-0.0112611565814878,WoW,3801.780029296875,2022-07-13 00:00:00
0.0177487362199181,MoM,3801.780029296875,2022-07-13 00:00:00
-0.0092438787173215,DoD,3818.800048828125,2022-07-12 00:00:00
-0.0032859730027445,WoW,3818.800048828125,2022-07-12 00:00:00
0.0184471983042076,MoM,3818.800048828125,2022-07-12 00:00:00
-0.0115274614227773,DoD,3854.429931640625,2022-07-11 00:00:00
0.0076071483823138,WoW,3854.429931640625,2022-07-11 00:00:00
0.0279494382388261,MoM,3854.429931640625,2022-07-11 00:00:00
-0.000830271529819,DoD,3899.3798828125,2022-07-08 00:00:00
0.0301158677673584,WoW,3899.3798828125,2022-07-08 00:00:00
-0.0294787181933805,MoM,3899.3798828125,2022-07-08 00:00:00
0.0149645879652417,DoD,3902.6201171875,2022-07-07 00:00:00
0.0219412849873749,WoW,3902.6201171875,2022-07-07 00:00:00
-0.0517885842338746,MoM,3902.6201171875,2022-07-07 00:00:00
0.0035731642904301,DoD,3845.080078125,2022-07-06 00:00:00
0.0061571951161781,WoW,3845.080078125,2022-07-06 00:00:00
-0.0758530058362368,MoM,3845.080078125,2022-07-06 00:00:00
0.0015841285142366,DoD,3831.389892578125,2022-07-05 00:00:00
-0.0176200704469794,WoW,3831.389892578125,2022-07-05 00:00:00
-0.0703736981661094,MoM,3831.389892578125,2022-07-05 00:00:00
0.0105538140290473,DoD,3825.330078125,2022-07-01 00:00:00
-0.0220898915380614,WoW,3825.330078125,2022-07-01 00:00:00
-0.0841524798497847,MoM,3825.330078125,2022-07-01 00:00:00
0.0105538140290473,DoD,3825.330078125,2022-07-01 00:00:00
-0.0220898915380614,WoW,3825.330078125,2022-07-01 00:00:00
-0.0841524798497847,MoM,3825.330078125,2022-07-01 00:00:00
-0.0087592782679986,DoD,3785.3798828125,2022-06-30 00:00:00
-0.002726773956395,WoW,3785.3798828125,2022-06-30 00:00:00
-0.077013505499672,MoM,3785.3798828125,2022-06-30 00:00:00
-0.000711745409159,DoD,3818.830078125,2022-06-29 00:00:00
0.0156760403178881,WoW,3818.830078125,2022-06-29 00:00:00
-0.0758248930032851,MoM,3818.830078125,2022-06-29 00:00:00
-0.020143036075892,DoD,3821.550048828125,2022-06-28 00:00:00
0.0150765405711069,WoW,3821.550048828125,2022-06-28 00:00:00
-0.0751666471101286,MoM,3821.550048828125,2022-06-28 00:00:00
-0.0029730715337762,DoD,3900.110107421875,2022-06-27 00:00:00
0.0613006319032935,WoW,3900.110107421875,2022-06-27 00:00:00
-0.0561547379465256,MoM,3900.110107421875,2022-06-27 00:00:00
0.0305632935858357,DoD,3911.739990234375,2022-06-24 00:00:00
0.0668081088800986,WoW,3911.739990234375,2022-06-24 00:00:00
-0.0168370285400676,MoM,3911.739990234375,2022-06-24 00:00:00
0.0095322174091778,DoD,3795.72998046875,2022-06-23 00:00:00
0.0015145132966485,WoW,3795.72998046875,2022-06-23 00:00:00
-0.0369784955707592,MoM,3795.72998046875,2022-06-23 00:00:00
-0.0013015723144006,DoD,3759.889892578125,2022-06-22 00:00:00
0.0065346119473278,WoW,3759.889892578125,2022-06-22 00:00:00
-0.0538182088510537,MoM,3759.889892578125,2022-06-22 00:00:00
0.0244772422800869,DoD,3764.7900390625,2022-06-21 00:00:00
0.0040431073796085,WoW,3764.7900390625,2022-06-21 00:00:00
-0.0525850798206983,MoM,3764.7900390625,2022-06-21 00:00:00
0.0022008656982546,DoD,3674.840087890625,2022-06-17 00:00:00
-0.0579410728165356,WoW,3674.840087890625,2022-06-17 00:00:00
-0.0634200159251908,MoM,3674.840087890625,2022-06-17 00:00:00
0.0022008656982546,DoD,3674.840087890625,2022-06-17 00:00:00
-0.0579410728165356,WoW,3674.840087890625,2022-06-17 00:00:00
-0.0634200159251908,MoM,3674.840087890625,2022-06-17 00:00:00
-0.0325119514881634,DoD,3666.77001953125,2022-06-16 00:00:00
-0.0873732628279373,WoW,3666.77001953125,2022-06-16 00:00:00
-0.1032270853771182,MoM,3666.77001953125,2022-06-16 00:00:00
0.0145925048589832,DoD,3789.989990234375,2022-06-15 00:00:00
-0.079154089696678,WoW,3789.989990234375,2022-06-15 00:00:00
-0.0543960766066048,MoM,3789.989990234375,2022-06-15 00:00:00
-0.0037736797459957,DoD,3735.47998046875,2022-06-14 00:00:00
-0.1021948761617228,WoW,3735.47998046875,2022-06-14 00:00:00
-0.067996344478394,MoM,3735.47998046875,2022-06-14 00:00:00
-0.0387684306652372,DoD,3749.6298828125,2022-06-13 00:00:00
-0.09021147444243,WoW,3749.6298828125,2022-06-13 00:00:00
-0.0644659385389694,MoM,3749.6298828125,2022-06-13 00:00:00
-0.0291103033355247,DoD,3900.860107421875,2022-06-10 00:00:00
-0.0505483528616199,WoW,3900.860107421875,2022-06-10 00:00:00
-0.0087212846210164,MoM,3900.860107421875,2022-06-10 00:00:00
-0.0237986939763535,DoD,4017.820068359375,2022-06-09 00:00:00
-0.0380671809057779,WoW,4017.820068359375,2022-06-09 00:00:00
0.0041914045879435,MoM,4017.820068359375,2022-06-09 00:00:00
-0.0107939457859356,DoD,4115.77001953125,2022-06-08 00:00:00
0.0035452874215159,WoW,4115.77001953125,2022-06-08 00:00:00
0.0312008372339349,MoM,4115.77001953125,2022-06-08 00:00:00
0.009523393173235,DoD,4160.68017578125,2022-06-07 00:00:00
0.0069044623529552,WoW,4160.68017578125,2022-06-07 00:00:00
0.0424530186011002,MoM,4160.68017578125,2022-06-07 00:00:00
0.003137400778913,DoD,4121.43017578125,2022-06-06 00:00:00
-0.0088523164894254,WoW,4121.43017578125,2022-06-06 00:00:00
0.032618982037016,MoM,4121.43017578125,2022-06-06 00:00:00
-0.0163473139924155,DoD,4108.5400390625,2022-06-03 00:00:00
0.0124943196562066,WoW,4108.5400390625,2022-06-03 00:00:00
-0.0445633280298244,MoM,4108.5400390625,2022-06-03 00:00:00
0.0184310180384862,DoD,4176.81982421875,2022-06-02 00:00:00
0.0497872046412816,WoW,4176.81982421875,2022-06-02 00:00:00
0.0003208837681577,MoM,4176.81982421875,2022-06-02 00:00:00
-0.0074827686811318,DoD,4101.22998046875,2022-06-01 00:00:00
0.0405304608399917,WoW,4101.22998046875,2022-06-01 00:00:00
-0.0130312760495677,MoM,4101.22998046875,2022-06-01 00:00:00
-0.0062743686176591,DoD,4132.14990234375,2022-05-31 00:00:00
0.0398615671201635,WoW,4132.14990234375,2022-05-31 00:00:00
-0.0055903385788707,MoM,4132.14990234375,2022-05-31 00:00:00
0.0247422629551096,DoD,4158.240234375,2022-05-27 00:00:00
0.0658437365124129,WoW,4158.240234375,2022-05-27 00:00:00
-0.0301480502915451,MoM,4158.240234375,2022-05-27 00:00:00
0.0247422629551096,DoD,4158.240234375,2022-05-27 00:00:00
0.0658437365124129,WoW,4158.240234375,2022-05-27 00:00:00
-0.0301480502915451,MoM,4158.240234375,2022-05-27 00:00:00
0.0198832561672241,DoD,4057.840087890625,2022-05-26 00:00:00
0.0402610874349622,WoW,4057.840087890625,2022-05-26 00:00:00
-0.0301436615609044,MoM,4057.840087890625,2022-05-26 00:00:00
0.0094507647342077,DoD,3978.72998046875,2022-05-25 00:00:00
0.0140302088313066,WoW,3978.72998046875,2022-05-25 00:00:00
-0.0470564776904176,MoM,3978.72998046875,2022-05-25 00:00:00
-0.0081207976171752,DoD,3941.47998046875,2022-05-24 00:00:00
-0.0360419466763952,WoW,3941.47998046875,2022-05-24 00:00:00
-0.0825489341650249,MoM,3941.47998046875,2022-05-24 00:00:00
0.0185550399309235,DoD,3973.75,2022-05-23 00:00:00
-0.0085478852802636,WoW,3973.75,2022-05-23 00:00:00
-0.0750375009064092,MoM,3973.75,2022-05-23 00:00:00
0.0001461417696585,DoD,3901.360107421875,2022-05-20 00:00:00
-0.0304505810117345,WoW,3901.360107421875,2022-05-20 00:00:00
-0.1120478214792799,MoM,3901.360107421875,2022-05-20 00:00:00
-0.0058337818009926,DoD,3900.7900390625,2022-05-19 00:00:00
-0.0074527842894422,WoW,3900.7900390625,2022-05-19 00:00:00
-0.1252755680144671,MoM,3900.7900390625,2022-05-19 00:00:00
-0.0403952607874525,DoD,3923.679931640625,2022-05-18 00:00:00
-0.0029223568425765,WoW,3923.679931640625,2022-05-18 00:00:00
-0.1206868421726464,MoM,3923.679931640625,2022-05-18 00:00:00
0.0201696322348636,DoD,4088.85009765625,2022-05-17 00:00:00
0.0219442515731191,WoW,4088.85009765625,2022-05-17 00:00:00
-0.0689574737266239,MoM,4088.85009765625,2022-05-17 00:00:00
-0.0039464009295556,DoD,4008.010009765625,2022-05-16 00:00:00
0.0042017066305915,WoW,4008.010009765625,2022-05-16 00:00:00
-0.0873649863172644,MoM,4008.010009765625,2022-05-16 00:00:00
0.0238696954230715,DoD,4023.889892578125,2022-05-13 00:00:00
-0.0241187859697321,WoW,4023.889892578125,2022-05-13 00:00:00
-0.0839368036368066,MoM,4023.889892578125,2022-05-13 00:00:00
-0.0012959645058717,DoD,3930.080078125,2022-05-12 00:00:00
-0.0522779910959767,WoW,3930.080078125,2022-05-12 00:00:00
-0.1161586257727349,MoM,3930.080078125,2022-05-12 00:00:00
-0.0164632075039383,DoD,3935.179931640625,2022-05-11 00:00:00
-0.0848780389764757,WoW,3935.179931640625,2022-05-11 00:00:00
-0.105122342071011,MoM,3935.179931640625,2022-05-11 00:00:00
0.0024578974498534,DoD,4001.050048828125,2022-05-10 00:00:00
-0.0417748216867376,WoW,4001.050048828125,2022-05-10 00:00:00
-0.093252568563354,MoM,4001.050048828125,2022-05-10 00:00:00
-0.0320371006323567,DoD,3991.239990234375,2022-05-09 00:00:00
-0.0395005744858709,WoW,3991.239990234375,2022-05-09 00:00:00
-0.0954757962969664,MoM,3991.239990234375,2022-05-09 00:00:00
-0.005674224842484,DoD,4123.33984375,2022-05-06 00:00:00
-0.0020790119062517,WoW,4123.33984375,2022-05-06 00:00:00
-0.083745007557156,MoM,4123.33984375,2022-05-06 00:00:00
-0.0356497086098069,DoD,4146.8701171875,2022-05-05 00:00:00
-0.0327999726676384,WoW,4146.8701171875,2022-05-05 00:00:00
-0.0745968763467193,MoM,4146.8701171875,2022-05-05 00:00:00
0.0298624210844023,DoD,4300.169921875,2022-05-04 00:00:00
0.0277751130561633,WoW,4300.169921875,2022-05-04 00:00:00
-0.0497114307437022,MoM,4300.169921875,2022-05-04 00:00:00
0.0048371263814863,DoD,4175.47998046875,2022-05-03 00:00:00
6.701119543060833e-05,WoW,4175.47998046875,2022-05-03 00:00:00
-0.0888483808683991,MoM,4175.47998046875,2022-05-03 00:00:00
0.0056752428123537,DoD,4155.3798828125,2022-05-02 00:00:00
-0.0327598462184379,WoW,4155.3798828125,2022-05-02 00:00:00
-0.0932345200930779,MoM,4155.3798828125,2022-05-02 00:00:00
-0.0362845071064139,DoD,4131.93017578125,2022-04-29 00:00:00
-0.0327380193756604,WoW,4131.93017578125,2022-04-29 00:00:00
-0.1022325065050057,MoM,4131.93017578125,2022-04-29 00:00:00
0.0247469000729394,DoD,4287.5,2022-04-28 00:00:00
-0.0241621228030089,WoW,4287.5,2022-04-28 00:00:00
-0.0742940000002108,MoM,4287.5,2022-04-28 00:00:00
0.0020980468517017,DoD,4183.9599609375,2022-04-27 00:00:00
-0.0617767263472475,WoW,4183.9599609375,2022-04-27 00:00:00
-0.0855771708838166,MoM,4183.9599609375,2022-04-27 00:00:00
-0.0281463084310039,DoD,4175.2001953125,2022-04-26 00:00:00
-0.0643200943338623,WoW,4175.2001953125,2022-04-26 00:00:00
-0.0874916561417999,MoM,4175.2001953125,2022-04-26 00:00:00
0.0056979369853822,DoD,4296.1201171875,2022-04-25 00:00:00
-0.0217615144725239,WoW,4296.1201171875,2022-04-25 00:00:00
-0.0610640760287556,MoM,4296.1201171875,2022-04-25 00:00:00
-0.0277400542507537,DoD,4271.77978515625,2022-04-22 00:00:00
-0.0275031502806128,WoW,4271.77978515625,2022-04-22 00:00:00
-0.0413937399056361,MoM,4271.77978515625,2022-04-22 00:00:00
-0.0147529484983719,DoD,4393.66015625,2022-04-21 00:00:00
-0.0119034337233501,WoW,4393.66015625,2022-04-21 00:00:00
-0.0261435963227251,MoM,4393.66015625,2022-04-21 00:00:00
-0.0006184750715809,DoD,4459.4501953125,2022-04-20 00:00:00
0.0140990795225127,WoW,4459.4501953125,2022-04-20 00:00:00
-0.000387785384267,MoM,4459.4501953125,2022-04-20 00:00:00
0.0160576043555272,DoD,4462.2099609375,2022-04-19 00:00:00
0.0112588873503753,WoW,4462.2099609375,2022-04-19 00:00:00
0.0002308324514307,MoM,4462.2099609375,2022-04-19 00:00:00
-0.000204868284033,DoD,4391.68994140625,2022-04-18 00:00:00
-0.0215204595910986,WoW,4391.68994140625,2022-04-18 00:00:00
-0.0155766482493235,MoM,4391.68994140625,2022-04-18 00:00:00
-0.0121441378443979,DoD,4392.58984375,2022-04-14 00:00:00
-0.0239144657964092,WoW,4392.58984375,2022-04-14 00:00:00
0.0305316525646721,MoM,4392.58984375,2022-04-14 00:00:00
-0.0121441378443979,DoD,4392.58984375,2022-04-14 00:00:00
-0.0239144657964092,WoW,4392.58984375,2022-04-14 00:00:00
0.0305316525646721,MoM,4392.58984375,2022-04-14 00:00:00
0.0111745775972359,DoD,4446.58984375,2022-04-13 00:00:00
-0.0077123192365589,WoW,4446.58984375,2022-04-13 00:00:00
0.0655338559080534,MoM,4446.58984375,2022-04-13 00:00:00
-0.0034174477177418,DoD,4397.4501953125,2022-04-12 00:00:00
-0.0282135984390953,WoW,4397.4501953125,2022-04-12 00:00:00
0.0537585492309217,MoM,4397.4501953125,2022-04-12 00:00:00
-0.0168772901035542,DoD,4412.52978515625,2022-04-11 00:00:00
-0.0371206000225673,WoW,4412.52978515625,2022-04-11 00:00:00
0.0573720629743373,MoM,4412.52978515625,2022-04-11 00:00:00
-0.0026510264820543,DoD,4488.27978515625,2022-04-08 00:00:00
-0.0126664877177797,WoW,4488.27978515625,2022-04-08 00:00:00
0.0491832188157237,MoM,4488.27978515625,2022-04-08 00:00:00
0.0042533856284926,DoD,4500.2099609375,2022-04-07 00:00:00
-0.0066661062179628,WoW,4500.2099609375,2022-04-07 00:00:00
0.0790058623718242,MoM,4500.2099609375,2022-04-07 00:00:00
-0.0097169166132718,DoD,4481.14990234375,2022-04-06 00:00:00
-0.0263555905704947,WoW,4481.14990234375,2022-04-06 00:00:00
0.0666636680028155,MoM,4481.14990234375,2022-04-06 00:00:00
-0.0125517208018073,DoD,4525.1201171875,2022-04-05 00:00:00
-0.022989890798783,WoW,4525.1201171875,2022-04-05 00:00:00
0.0771300508889527,MoM,4525.1201171875,2022-04-05 00:00:00
0.0080909386878793,DoD,4582.64013671875,2022-04-04 00:00:00
0.0015561328891812,WoW,4582.64013671875,2022-04-04 00:00:00
0.090821740824321,MoM,4582.64013671875,2022-04-04 00:00:00
0.0034102225843583,DoD,4545.85986328125,2022-04-01 00:00:00
0.000616281680495,WoW,4545.85986328125,2022-04-01 00:00:00
0.0363201572993735,MoM,4545.85986328125,2022-04-01 00:00:00
-0.0156525407131773,DoD,4530.41015625,2022-03-31 00:00:00
0.002267618766965,WoW,4530.41015625,2022-03-31 00:00:00
0.0520522223053739,MoM,4530.41015625,2022-03-31 00:00:00
-0.0062937001746979,DoD,4602.4501953125,2022-03-30 00:00:00
0.0328101613125905,WoW,4602.4501953125,2022-03-30 00:00:00
0.0522435737498449,MoM,4602.4501953125,2022-03-30 00:00:00
0.0199717541826777,DoD,4631.60009765625,2022-03-29 00:00:00
0.0265958799655013,WoW,4631.60009765625,2022-03-29 00:00:00
0.058908023361464,MoM,4631.60009765625,2022-03-29 00:00:00
0.0071449552765867,DoD,4575.52001953125,2022-03-28 00:00:00
0.0256299542373844,WoW,4575.52001953125,2022-03-28 00:00:00
0.0460866131737946,MoM,4575.52001953125,2022-03-28 00:00:00
0.0050661705674491,DoD,4543.06005859375,2022-03-25 00:00:00
0.0179112233834802,WoW,4543.06005859375,2022-03-25 00:00:00
0.0386653953764913,MoM,4543.06005859375,2022-03-25 00:00:00
0.0143439129205665,DoD,4520.16015625,2022-03-24 00:00:00
0.0245916481278569,WoW,4520.16015625,2022-03-24 00:00:00
0.0309056040788604,MoM,4520.16015625,2022-03-24 00:00:00
-0.012272698789159,DoD,4456.240234375,2022-03-23 00:00:00
0.0225753865842933,WoW,4456.240234375,2022-03-23 00:00:00
0.039065458398239,MoM,4456.240234375,2022-03-23 00:00:00
0.0113041136006502,DoD,4511.60986328125,2022-03-22 00:00:00
0.0584545640539696,WoW,4511.60986328125,2022-03-22 00:00:00
0.0677102977828067,MoM,4511.60986328125,2022-03-22 00:00:00
-0.0004346603621039,DoD,4461.18017578125,2022-03-21 00:00:00
0.0690301290734519,WoW,4461.18017578125,2022-03-21 00:00:00
0.0363366177609541,MoM,4461.18017578125,2022-03-21 00:00:00
0.0116622948279487,DoD,4463.1201171875,2022-03-18 00:00:00
0.0615582711519417,WoW,4463.1201171875,2022-03-18 00:00:00
0.0367872680903269,MoM,4463.1201171875,2022-03-18 00:00:00
0.012347817571452,DoD,4411.669921875,2022-03-17 00:00:00
0.0357199641382349,WoW,4411.669921875,2022-03-17 00:00:00
0.0144404875278532,MoM,4411.669921875,2022-03-17 00:00:00
0.0223837613571822,DoD,4357.85986328125,2022-03-16 00:00:00
0.0186961725573666,WoW,4357.85986328125,2022-03-16 00:00:00
-0.0051138296681712,MoM,4357.85986328125,2022-03-16 00:00:00
0.021408574170871,DoD,4262.4501953125,2022-03-15 00:00:00
0.0219987042231227,WoW,4262.4501953125,2022-03-15 00:00:00
-0.0474992416654118,MoM,4262.4501953125,2022-03-15 00:00:00
-0.0074210024659636,DoD,4173.10986328125,2022-03-14 00:00:00
-0.0066601718862014,WoW,4173.10986328125,2022-03-14 00:00:00
-0.066641759724601,MoM,4173.10986328125,2022-03-14 00:00:00
-0.0129615451234751,DoD,4204.31005859375,2022-03-11 00:00:00
-0.0287742656216901,WoW,4204.31005859375,2022-03-11 00:00:00
-0.0448374973099254,MoM,4204.31005859375,2022-03-11 00:00:00
-0.0042918136516678,DoD,4259.52001953125,2022-03-10 00:00:00
-0.0238273054961109,WoW,4259.52001953125,2022-03-10 00:00:00
-0.0360111057393466,MoM,4259.52001953125,2022-03-10 00:00:00
0.0256982478914357,DoD,4277.8798828125,2022-03-09 00:00:00
-0.0247712673957999,WoW,4277.8798828125,2022-03-09 00:00:00
-0.0502211753319147,MoM,4277.8798828125,2022-03-09 00:00:00
-0.0072337535181997,DoD,4170.7001953125,2022-03-08 00:00:00
-0.0314796546633375,WoW,4170.7001953125,2022-03-08 00:00:00
-0.0907921565121035,MoM,4170.7001953125,2022-03-08 00:00:00
-0.0295181583134492,DoD,4201.08984375,2022-03-07 00:00:00
-0.0395181689670566,WoW,4201.08984375,2022-03-07 00:00:00
-0.0708719136719051,MoM,4201.08984375,2022-03-07 00:00:00
-0.0345683518810806,MoM,4328.8701171875,2022-03-04 00:00:00
-0.0127216052361292,WoW,4328.8701171875,2022-03-04 00:00:00
-0.0079340425503344,DoD,4328.8701171875,2022-03-04 00:00:00
-0.0304496486687493,MoM,4363.490234375,2022-03-03 00:00:00
0.0174388592479009,WoW,4363.490234375,2022-03-03 00:00:00
-0.0052546664300883,DoD,4363.490234375,2022-03-03 00:00:00
-0.0203017580432805,MoM,4386.5400390625,2022-03-02 00:00:00
0.0381114753431546,WoW,4386.5400390625,2022-03-02 00:00:00
0.0186426917573209,DoD,4386.5400390625,2022-03-02 00:00:00
-0.0154735036804118,DoD,4306.259765625,2022-03-01 00:00:00
0.0003484515005873,WoW,4306.259765625,2022-03-01 00:00:00
-0.0616902772088668,MoM,4306.259765625,2022-03-01 00:00:00
-0.0379629556043325,MoM,4373.93994140625,2022-02-28 00:00:00
0.005764675316393,WoW,4373.93994140625,2022-02-28 00:00:00
-0.0024426034406475,DoD,4373.93994140625,2022-02-28 00:00:00
0.0079816744544099,MoM,4384.64990234375,2022-02-25 00:00:00
0.0010022548783984,WoW,4384.64990234375,2022-02-25 00:00:00
0.0223726776556034,DoD,4384.64990234375,2022-02-25 00:00:00
-0.0155516525984615,MoM,4288.7001953125,2022-02-24 00:00:00
-0.0416333326786559,WoW,4288.7001953125,2022-02-24 00:00:00
0.0149568560673293,DoD,4288.7001953125,2022-02-24 00:00:00
-0.0549241756164386,WoW,4225.5,2022-02-23 00:00:00
-0.0418649535770032,MoM,4225.5,2022-02-23 00:00:00
-0.0184121228454876,DoD,4225.5,2022-02-23 00:00:00
-0.0238927469229776,MoM,4304.759765625,2022-02-22 00:00:00
-0.0220166795716292,WoW,4304.759765625,2022-02-22 00:00:00
-0.0101429452648328,DoD,4304.759765625,2022-02-22 00:00:00
-0.04056902592369,MoM,4348.8701171875,2022-02-18 00:00:00
-0.0157899302438013,WoW,4348.8701171875,2022-02-18 00:00:00
-0.0071661613961429,DoD,4348.8701171875,2022-02-18 00:00:00
-0.04056902592369,MoM,4348.8701171875,2022-02-18 00:00:00
-0.0157899302438013,WoW,4348.8701171875,2022-02-18 00:00:00
-0.0071661613961429,DoD,4348.8701171875,2022-02-18 00:00:00
-0.021173138152195,DoD,4380.259765625,2022-02-17 00:00:00
-0.0274906996217405,WoW,4380.259765625,2022-02-17 00:00:00
-0.0430075098776701,MoM,4380.259765625,2022-02-17 00:00:00
-0.0223066740161347,MoM,4475.009765625,2022-02-16 00:00:00
-0.0244530203431885,WoW,4475.009765625,2022-02-16 00:00:00
0.000881207755895,DoD,4475.009765625,2022-02-16 00:00:00
-0.023167466,MoM,4471.06982421875,2022-02-15 00:00:00
-0.011162174,WoW,4471.06982421875,2022-02-15 00:00:00
0.015766721,DoD,4471.06982421875,2022-02-15 00:00:00
-0.03832988,MoM,4401.669921875,2022-02-14 00:00:00
-0.018332421,WoW,4401.669921875,2022-02-14 00:00:00
-0.003840597,DoD,4401.669921875,2022-02-14 00:00:00
-0.052373548,MoM,4418.64013671875,2022-02-11 00:00:00
-0.018195557,WoW,4418.64013671875,2022-02-11 00:00:00
-0.018969454,DoD,4418.64013671875,2022-02-11 00:00:00
